{
  "explained_inertia": [
    13.412823670711225,
    5.500789561239941,
    5.368557853842365,
    4.701359021052301,
    4.035378781218592,
    3.9220611477884755,
    3.72984471324165,
    3.613450376813745,
    3.503060785858811,
    3.3286242854675647
  ],
  "cum_inertia": [
    13.412823670711225,
    18.913613231951167,
    24.282171085793532,
    28.983530106845834,
    33.01890888806442,
    36.9409700358529,
    40.670814749094546,
    44.28426512590829,
    47.787325911767105,
    51.11595019723467
  ],
  "n_components_20": 3
}