{
  "explained_inertia": [
    13.178540271446849,
    5.389098310921495,
    5.259582333340363,
    4.660908038707055,
    4.023922077074547,
    3.8859680313816685,
    3.6719330534256183,
    3.6374666522621366,
    3.5402775461283795,
    3.340881880792813
  ],
  "cum_inertia": [
    13.178540271446849,
    18.567638582368346,
    23.827220915708708,
    28.488128954415764,
    32.51205103149031,
    36.398019062871974,
    40.06995211629759,
    43.70741876855973,
    47.247696314688106,
    50.58857819548092
  ],
  "n_components_20": 3
}