{
  "p_values": {
    "Q1": {
      "Q1": 0.0,
      "Q2": 3.3386778572196017e-06,
      "Q3": 0.01204325242177833,
      "Q4": 2.1517548929689922e-05,
      "Q5": 0.0704196422807658,
      "Q6": 0.025274382583887634,
      "Q7": 0.034558049928515404,
      "Q8": 0.0009886101325547146,
      "Q9": 0.0008240520203114276,
      "Q10": 0.00045306547856811905
    },
    "Q2": {
      "Q1": 3.3386778572196017e-06,
      "Q2": 0.0,
      "Q3": 0.021257658268501234,
      "Q4": 2.8447429863992427e-07,
      "Q5": 0.0004145049627767663,
      "Q6": 0.00012126201925884791,
      "Q7": 0.0007226330490017676,
      "Q8": 8.168599019809098e-05,
      "Q9": 4.034329708268914e-05,
      "Q10": 0.004600228528500841
    },
    "Q3": {
      "Q1": 0.01204325242177833,
      "Q2": 0.021257658268501234,
      "Q3": 0.0,
      "Q4": 0.0316742247856269,
      "Q5": 0.025453439982754292,
      "Q6": 0.14577063428880954,
      "Q7": 0.17486330364599836,
      "Q8": 0.28525288916032654,
      "Q9": 0.058528672755203494,
      "Q10": 0.011832728538822886
    },
    "Q4": {
      "Q1": 2.1517548929689922e-05,
      "Q2": 2.8447429863992427e-07,
      "Q3": 0.0316742247856269,
      "Q4": 0.0,
      "Q5": 0.005808831668554269,
      "Q6": 0.0027093046792833267,
      "Q7": 1.1630571523262597e-10,
      "Q8": 0.009366750140453113,
      "Q9": 0.07455537965991617,
      "Q10": 0.005471698033831178
    },
    "Q5": {
      "Q1": 0.0704196422807658,
      "Q2": 0.0004145049627767663,
      "Q3": 0.025453439982754292,
      "Q4": 0.005808831668554269,
      "Q5": 0.0,
      "Q6": 5.56253285377125e-07,
      "Q7": 0.0056784274755529215,
      "Q8": 7.45486221753655e-07,
      "Q9": 1.485384671936183e-07,
      "Q10": 0.0017660264261325474
    },
    "Q6": {
      "Q1": 0.025274382583887634,
      "Q2": 0.00012126201925884791,
      "Q3": 0.14577063428880954,
      "Q4": 0.0027093046792833267,
      "Q5": 5.56253285377125e-07,
      "Q6": 0.0,
      "Q7": 0.003472996831069031,
      "Q8": 1.4324786354468405e-07,
      "Q9": 4.8160898403049835e-06,
      "Q10": 0.0003009958244156889
    },
    "Q7": {
      "Q1": 0.034558049928515404,
      "Q2": 0.0007226330490017676,
      "Q3": 0.17486330364599836,
      "Q4": 1.1630571523262597e-10,
      "Q5": 0.0056784274755529215,
      "Q6": 0.003472996831069031,
      "Q7": 0.0,
      "Q8": 3.580377264785549e-06,
      "Q9": 5.816882885979828e-05,
      "Q10": 1.4817858059682478e-11
    },
    "Q8": {
      "Q1": 0.0009886101325547146,
      "Q2": 8.168599019809098e-05,
      "Q3": 0.28525288916032654,
      "Q4": 0.009366750140453113,
      "Q5": 7.45486221753655e-07,
      "Q6": 1.4324786354468405e-07,
      "Q7": 3.580377264785549e-06,
      "Q8": 0.0,
      "Q9": 3.1454834653688786e-10,
      "Q10": 1.2867033185476386e-09
    },
    "Q9": {
      "Q1": 0.0008240520203114276,
      "Q2": 4.034329708268914e-05,
      "Q3": 0.058528672755203494,
      "Q4": 0.07455537965991617,
      "Q5": 1.485384671936183e-07,
      "Q6": 4.8160898403049835e-06,
      "Q7": 5.816882885979828e-05,
      "Q8": 3.1454834653688786e-10,
      "Q9": 0.0,
      "Q10": 3.385150554784619e-10
    },
    "Q10": {
      "Q1": 0.00045306547856811905,
      "Q2": 0.004600228528500841,
      "Q3": 0.011832728538822886,
      "Q4": 0.005471698033831178,
      "Q5": 0.0017660264261325474,
      "Q6": 0.0003009958244156889,
      "Q7": 1.4817858059682478e-11,
      "Q8": 1.2867033185476386e-09,
      "Q9": 3.385150554784619e-10,
      "Q10": 0.0
    }
  },
  "p_values_fdr": {
    "Q1": {
      "Q1": 0.0,
      "Q2": 1.3426414742945809e-05,
      "Q3": 0.015939598793530144,
      "Q4": 6.916355013114618e-05,
      "Q5": 0.07728985128376735,
      "Q6": 0.03095688646551198,
      "Q7": 0.03987467299444085,
      "Q8": 0.00185364399854009,
      "Q9": 0.001612275691913663,
      "Q10": 0.0009708545969316837
    },
    "Q2": {
      "Q1": 1.3426414742945809e-05,
      "Q2": 0.0,
      "Q3": 0.027331274916644444,
      "Q4": 1.600167929849574e-06,
      "Q5": 0.0009326361662477242,
      "Q6": 0.00030315504814711975,
      "Q7": 0.0014781130547763428,
      "Q8": 0.00021622762111259377,
      "Q9": 0.00012102989124806742,
      "Q10": 0.0073932244208049225
    },
    "Q3": {
      "Q1": 0.015939598793530144,
      "Q2": 0.027331274916644444,
      "Q3": 0.0,
      "Q4": 0.037508950404031856,
      "Q5": 0.03095688646551198,
      "Q6": 0.15255066379061463,
      "Q7": 0.17883746963795288,
      "Q8": 0.28525288916032654,
      "Q9": 0.06584475684960393,
      "Q10": 0.015939598793530144
    },
    "Q4": {
      "Q1": 6.916355013114618e-05,
      "Q2": 1.600167929849574e-06,
      "Q3": 0.037508950404031856,
      "Q4": 0.0,
      "Q5": 0.008432175002740067,
      "Q6": 0.004689181175682682,
      "Q7": 2.616878592734084e-09,
      "Q8": 0.01317199238501219,
      "Q9": 0.07988076392133875,
      "Q10": 0.008432175002740067
    },
    "Q5": {
      "Q1": 0.07728985128376735,
      "Q2": 0.0009326361662477242,
      "Q3": 0.03095688646551198,
      "Q4": 0.008432175002740067,
      "Q5": 0.0,
      "Q6": 2.781266426885625e-06,
      "Q7": 0.008432175002740067,
      "Q8": 3.3546879978914473e-06,
      "Q9": 9.54890146244689e-07,
      "Q10": 0.003178847567038585
    },
    "Q6": {
      "Q1": 0.03095688646551198,
      "Q2": 0.00030315504814711975,
      "Q3": 0.15255066379061463,
      "Q4": 0.004689181175682682,
      "Q5": 2.781266426885625e-06,
      "Q6": 0.0,
      "Q7": 0.005788328051781719,
      "Q8": 9.54890146244689e-07,
      "Q9": 1.667108021644033e-05,
      "Q10": 0.0007128848473003158
    },
    "Q7": {
      "Q1": 0.03987467299444085,
      "Q2": 0.0014781130547763428,
      "Q3": 0.17883746963795288,
      "Q4": 2.616878592734084e-09,
      "Q5": 0.008432175002740067,
      "Q6": 0.005788328051781719,
      "Q7": 0.0,
      "Q8": 1.3426414742945809e-05,
      "Q9": 0.00016359983116818265,
      "Q10": 6.668036126857115e-10
    },
    "Q8": {
      "Q1": 0.00185364399854009,
      "Q2": 0.00021622762111259377,
      "Q3": 0.28525288916032654,
      "Q4": 0.01317199238501219,
      "Q5": 3.3546879978914473e-06,
      "Q6": 9.54890146244689e-07,
      "Q7": 1.3426414742945809e-05,
      "Q8": 0.0,
      "Q9": 3.808294374132696e-09,
      "Q10": 1.1580329866928748e-08
    },
    "Q9": {
      "Q1": 0.001612275691913663,
      "Q2": 0.00012102989124806742,
      "Q3": 0.06584475684960393,
      "Q4": 0.07988076392133875,
      "Q5": 9.54890146244689e-07,
      "Q6": 1.667108021644033e-05,
      "Q7": 0.00016359983116818265,
      "Q8": 3.808294374132696e-09,
      "Q9": 0.0,
      "Q10": 3.808294374132696e-09
    },
    "Q10": {
      "Q1": 0.0009708545969316837,
      "Q2": 0.0073932244208049225,
      "Q3": 0.015939598793530144,
      "Q4": 0.008432175002740067,
      "Q5": 0.003178847567038585,
      "Q6": 0.0007128848473003158,
      "Q7": 6.668036126857115e-10,
      "Q8": 1.1580329866928748e-08,
      "Q9": 3.808294374132696e-09,
      "Q10": 0.0
    }
  },
  "cramers_v": {
    "Q1": {
      "Q1": 1.0,
      "Q2": 0.28287511338459653,
      "Q3": 0.17678788511124072,
      "Q4": 0.2641625077215907,
      "Q5": 0.1345966849136923,
      "Q6": 0.1612055740073305,
      "Q7": 0.1538481073398998,
      "Q8": 0.21787344035761322,
      "Q9": 0.22041896402887773,
      "Q10": 0.22848147420449222
    },
    "Q2": {
      "Q1": 0.28287511338459653,
      "Q2": 1.0,
      "Q3": 0.16505549351135554,
      "Q4": 0.30518061181321204,
      "Q5": 0.22964379693201925,
      "Q6": 0.24487165135869182,
      "Q7": 0.22222751590963963,
      "Q8": 0.2494752756415976,
      "Q9": 0.2573959599811844,
      "Q10": 0.19423535372076897
    },
    "Q3": {
      "Q1": 0.17678788511124072,
      "Q2": 0.16505549351135554,
      "Q3": 1.0,
      "Q4": 0.15595319521798057,
      "Q5": 0.16104540833615552,
      "Q6": 0.10896510701366033,
      "Q7": 0.10090724194559748,
      "Q8": 0.07241740854396059,
      "Q9": 0.14000781546645433,
      "Q10": 0.17713251719353426
    },